<?xml version="1.0" encoding="UTF-8"?>
<project-private xmlns="http://www.netbeans.org/ns/project-private/1">
    <editor-bookmarks xmlns="http://www.netbeans.org/ns/editor-bookmarks/2" lastBookmarkId="0"/>
    <open-files xmlns="http://www.netbeans.org/ns/projectui-open-files/2">
        <group>
            <file>file:/C:/Users/RBV/Documents/MyGit/Citas-Medicas/ProyectoCitasMedicas/src/Negocio/Paciente.java</file>
            <file>file:/C:/Users/RBV/Documents/MyGit/Citas-Medicas/ProyectoCitasMedicas/src/Negocio/Medico.java</file>
            <file>file:/C:/Users/RBV/Documents/MyGit/Citas-Medicas/ProyectoCitasMedicas/src/Negocio/Conexion.java</file>
            <file>file:/C:/Users/RBV/Documents/MyGit/Citas-Medicas/ProyectoCitasMedicas/src/Vista/JFCitaMedica.java</file>
            <file>file:/C:/Users/RBV/Documents/MyGit/Citas-Medicas/ProyectoCitasMedicas/src/Vista/JFPaciente.java</file>
            <file>file:/C:/Users/RBV/Documents/MyGit/Citas-Medicas/ProyectoCitasMedicas/src/Vista/JFMedico.java</file>
        </group>
    </open-files>
</project-private>
